Pearson,MIC,MSE,R2Score
0.20935,0.242106,11.6086,0.859377
0.252044,0.25357,0.0255205,0.845185
0.229998,0.0952594,0.0190547,0.808564
